{
  "data": [
    {
      "nomor": "6285974142412",
      "userName": "veriefed"
    },
    {
      "nomor": "6289517817537",
      "userName": "veriefed"
    },
    {
      "nomor": "6283837983474",
      "userName": "veriefed"
    },
    {
      "nomor": "5521969542998",
      "userName": "veriefed"
    },
    {
      "nomor": "6282120627665",
      "userName": "veriefed"
    },
    {
      "nomor": "6288213359740",
      "userName": "veriefed"
    },
    {
      "nomor": "6287839212072",
      "userName": "veriefed"
    },
    {
      "nomor": "6285333903172",
      "userName": "veriefed"
    },
    {
      "nomor": "6282332326574",
      "userName": "veriefed"
    },
    {
      "nomor": "628895829143",
      "userName": "veriefed"
    },
    {
      "nomor": "6283876504098",
      "userName": "veriefed"
    },
    {
      "nomor": "6285559743692",
      "userName": "veriefed"
    },
    {
      "nomor": "6283898706923",
      "userName": "veriefed"
    },
    {
      "nomor": "6283130374858",
      "userName": "veriefed"
    },
    {
      "nomor": "6282164435922",
      "userName": "veriefed"
    },
    {
      "nomor": "639461265014",
      "userName": "veriefed"
    },
    {
      "nomor": "6283827249204",
      "userName": "veriefed"
    },
    {
      "nomor": "6285773957674",
      "userName": "veriefed"
    },
    {
      "nomor": "6282131174813",
      "userName": "veriefed"
    },
    {
      "nomor": "6283843049187",
      "userName": "veriefed"
    },
    {
      "nomor": "6283871476999",
      "userName": "veriefed"
    },
    {
      "nomor": "6287741432756",
      "userName": "veriefed"
    },
    {
      "nomor": "6285198425845",
      "userName": "veriefed"
    },
    {
      "nomor": "6282348383386",
      "userName": "veriefed"
    }
  ]
}